,PDB ID,Structure ID,Resolution,Date of Deposit,Method Used,DOI,Web Link
27,6O9G,"Open state GluA2 in complex with STZ and blocked by AgTx-636, after micelle signal subtraction",4.8,2019-03-13,ELECTRON MICROSCOPY,10.2210/pdb6o9g/pdb,"https://www.rcsb.org/structure/""6O9G"
30,6QKZ,Full length GluA1/2-gamma8 complex,6.3,2019-01-30,ELECTRON MICROSCOPY,10.2210/pdb6qkz/pdb,"https://www.rcsb.org/structure/""6QKZ"
216,6QKC,GluA1/2 In complex with auxiliary subunit gamma-8,4.4,2019-01-28,ELECTRON MICROSCOPY,10.2210/pdb6qkc/pdb,"https://www.rcsb.org/structure/""6QKC"
261,6NJL,structure of a complex,6.7,2019-01-03,ELECTRON MICROSCOPY,10.2210/pdb6njl/pdb,"https://www.rcsb.org/structure/""6NJL"
131,6NJM,structure of a complex,6.5,2019-01-03,ELECTRON MICROSCOPY,10.2210/pdb6njm/pdb,"https://www.rcsb.org/structure/""6NJM"
263,6NJN,structure of a complex,6.5,2019-01-03,ELECTRON MICROSCOPY,10.2210/pdb6njn/pdb,"https://www.rcsb.org/structure/""6NJN"
267,6Q60,"Structure of GluA2 ligand-binding domain (S1S2J) in complex with the agonist (S)-2-Amino-3-(2-methyl-5-hydroxy-2H-1,2,3-triazol-4-yl)propanoic acid at 1.55 A resolution",1.55,2018-12-10,X-RAY DIFFRACTION,10.2210/pdb6q60/pdb,"https://www.rcsb.org/structure/""6Q60"
136,6Q54,"Structure of GluA2 ligand-binding domain (S1S2J) in complex with the agonist (S)-2-Amino-3-(1-ethyl-4-hydroxy-1H-1,2,3-triazol-5-yl)propanoic acid at 1.4 A resolution",1.4,2018-12-07,X-RAY DIFFRACTION,10.2210/pdb6q54/pdb,"https://www.rcsb.org/structure/""6Q54"
116,6HCH,STRUCTURE OF GLUA2 LIGAND-BINDING DOMAIN (S1S2J-L504Y-N775S) IN COMPLEX WITH GLUTAMATE AND TDPAM01 AT 1.6 A RESOLUTION.,1.6,2018-08-15,X-RAY DIFFRACTION,10.2210/pdb6hch/pdb,"https://www.rcsb.org/structure/""6HCH"
156,6HCB,STRUCTURE OF GLUA2 LIGAND-BINDING DOMAIN (S1S2J-N775S) IN COMPLEX WITH GLUTAMATE AND TDPAM01 AT 1.9 A RESOLUTION.,1.9,2018-08-14,X-RAY DIFFRACTION,10.2210/pdb6hcb/pdb,"https://www.rcsb.org/structure/""6HCB"
254,6HCC,STRUCTURE OF GLUA2 LIGAND-BINDING DOMAIN (S1S2J-N775S) IN COMPLEX WITH GLUTAMATE AND TDPAM02 AT 1.6 A RESOLUTION.,1.62,2018-08-14,X-RAY DIFFRACTION,10.2210/pdb6hcc/pdb,"https://www.rcsb.org/structure/""6HCC"
151,6HC9,STRUCTURE OF GLUA2 LIGAND-BINDING DOMAIN (S1S2J-L504Y-N775S) IN COMPLEX WITH GLUTAMATE AND TDPAM02 AT 2.4 A RESOLUTION.,2.4,2018-08-14,X-RAY DIFFRACTION,10.2210/pdb6hc9/pdb,"https://www.rcsb.org/structure/""6HC9"
183,6HCA,STRUCTURE OF GLUA2 LIGAND-BINDING DOMAIN (S1S1J) IN COMPLEX WITH POSITIVE ALLOSTERIC MODULATOR TDPAM02 AT 1.8 A RESOLUTION,1.88,2018-08-14,X-RAY DIFFRACTION,10.2210/pdb6hca/pdb,"https://www.rcsb.org/structure/""6HCA"
4,6DLZ,Open state GluA2 in complex with STZ after micelle signal subtraction,3.9,2018-06-04,ELECTRON MICROSCOPY,10.2210/pdb6dlz/pdb,"https://www.rcsb.org/structure/""6DLZ"
14,6DM1,"Open state GluA2 in complex with STZ and blocked by NASPM, after micelle signal subtraction",4.2,2018-06-04,ELECTRON MICROSCOPY,10.2210/pdb6dm1/pdb,"https://www.rcsb.org/structure/""6DM1"
88,6DM0,"Open state GluA2 in complex with STZ and blocked by IEM-1460, after micelle signal subtraction",4.4,2018-06-04,ELECTRON MICROSCOPY,10.2210/pdb6dm0/pdb,"https://www.rcsb.org/structure/""6DM0"
122,6GL4,Structure of GluA2o ligand-binding domain (S1S2J) in complex with glutamate and sodium bromide at 1.95 A resolution,1.95,2018-05-22,X-RAY DIFFRACTION,10.2210/pdb6gl4/pdb,"https://www.rcsb.org/structure/""6GL4"
215,6GIV,Structure of GluA2-N775S ligand-binding domain (S1S2J) in complex with glutamate and Rubidium Bromide at 1.75 A resolution,1.75,2018-05-15,X-RAY DIFFRACTION,10.2210/pdb6giv/pdb,"https://www.rcsb.org/structure/""6GIV"
45,5ZG2,Crystal structure of the GluA2o LBD in complex with ZK200775 and Compound-2,1.25,2018-03-07,X-RAY DIFFRACTION,10.2210/pdb5zg2/pdb,"https://www.rcsb.org/structure/""5ZG2"
167,5ZG1,Crystal structure of the GluA2o LBD in complex with glutamate and Compound-2,1.32,2018-03-07,X-RAY DIFFRACTION,10.2210/pdb5zg1/pdb,"https://www.rcsb.org/structure/""5ZG1"
169,5ZG0,Crystal structure of the GluA2o LBD in complex with glutamate and Compound-1,1.58,2018-03-07,X-RAY DIFFRACTION,10.2210/pdb5zg0/pdb,"https://www.rcsb.org/structure/""5ZG0"
245,5ZG3,Crystal structure of the GluA2o LBD in complex with glutamate and TAK-137,1.65,2018-03-07,X-RAY DIFFRACTION,10.2210/pdb5zg3/pdb,"https://www.rcsb.org/structure/""5ZG3"
247,6FQK,GluA2(flop) S729C ligand binding core dimer bound to ZK200775 at 1.98 Angstrom resolution,1.98,2018-02-14,X-RAY DIFFRACTION,10.2210/pdb6fqk/pdb,"https://www.rcsb.org/structure/""6FQK"
63,6FQH,GluA2(flop) S729C ligand binding core dimer bound to NBQX at 1.76 Angstrom resolution,1.76,2018-02-14,X-RAY DIFFRACTION,10.2210/pdb6fqh/pdb,"https://www.rcsb.org/structure/""6FQH"
25,6FQJ,GluA2(flop) G724C ligand binding core dimer bound to ZK200775 at 2.50 Angstrom resolution,2.5,2018-02-14,X-RAY DIFFRACTION,10.2210/pdb6fqj/pdb,"https://www.rcsb.org/structure/""6FQJ"
241,6FQI,GluA2(flop) G724C ligand binding core dimer bound to L-Glutamate (Form B) at 2.91 Angstrom resolution,2.91,2018-02-14,X-RAY DIFFRACTION,10.2210/pdb6fqi/pdb,"https://www.rcsb.org/structure/""6FQI"
218,6FQG,GluA2(flop) G724C ligand binding core dimer bound to L-Glutamate (Form A) at 2.34 Angstrom resolution,2.34,2018-02-14,X-RAY DIFFRACTION,10.2210/pdb6fqg/pdb,"https://www.rcsb.org/structure/""6FQG"
26,6FPJ,Structure of the AMPAR GluA3 N-terminal domain bound to phosphate,1.96,2018-02-09,X-RAY DIFFRACTION,10.2210/pdb6fpj/pdb,"https://www.rcsb.org/structure/""6FPJ"
253,6FLR,Super-open structure of the AMPAR GluA3 N-terminal domain,2.51,2018-01-27,X-RAY DIFFRACTION,10.2210/pdb6flr/pdb,"https://www.rcsb.org/structure/""6FLR"
73,6FAZ,Crystal structure of the GluA2 ligand-binding domain (S1S2J) in complex with the positive allosteric modulator TDPAM01 at 1.4 A resolution.,1.4,2017-12-18,X-RAY DIFFRACTION,10.2210/pdb6faz/pdb,"https://www.rcsb.org/structure/""6FAZ"
166,5YBG,Crystal structure of the GluA2o LBD in complex with glutamate and LY451395,1.52,2017-09-04,X-RAY DIFFRACTION,10.2210/pdb5ybg/pdb,"https://www.rcsb.org/structure/""5YBG"
154,5YBF,Crystal structure of the GluA2o LBD in complex with glutamate and HBT1,1.5,2017-09-04,X-RAY DIFFRACTION,10.2210/pdb5ybf/pdb,"https://www.rcsb.org/structure/""5YBF"
165,5WEK,"GluA2 bound to antagonist ZK and GSG1L in digitonin, state 1",4.6,2017-07-10,ELECTRON MICROSCOPY,10.2210/pdb5wek/pdb,"https://www.rcsb.org/structure/""5WEK"
43,5WEL,"GluA2 bound to antagonist ZK and GSG1L in digitonin, state 2",4.4,2017-07-10,ELECTRON MICROSCOPY,10.2210/pdb5wel/pdb,"https://www.rcsb.org/structure/""5WEL"
22,5WEN,"GluA2 bound to GSG1L in digitonin, state 2",6.8,2017-07-10,ELECTRON MICROSCOPY,10.2210/pdb5wen/pdb,"https://www.rcsb.org/structure/""5WEN"
153,5WEO,"Activated GluA2 complex bound to glutamate, cyclothiazide, and STZ in digitonin",4.2,2017-07-10,ELECTRON MICROSCOPY,10.2210/pdb5weo/pdb,"https://www.rcsb.org/structure/""5WEO"
177,5WEM,"GluA2 bound to GSG1L in digitonin, state 1",6.1,2017-07-10,ELECTRON MICROSCOPY,10.2210/pdb5wem/pdb,"https://www.rcsb.org/structure/""5WEM"
268,5OEW,Crystal structure of the GluA2 ligand-binding domain (S1S2J) in complex with glutamate and positive allosteric modulator BPAM538,2.0,2017-07-10,X-RAY DIFFRACTION,10.2210/pdb5oew/pdb,"https://www.rcsb.org/structure/""5OEW"
105,5O9A,Crystal structure of the GluA2 ligand-binding domain (S1S2J-L504Y-N775S) in complex with glutamate and BPAM121 at 1.78 A resolution,1.78,2017-06-16,X-RAY DIFFRACTION,10.2210/pdb5o9a/pdb,"https://www.rcsb.org/structure/""5O9A"
213,5VOV,Structure of a Protein Complex,7.7,2017-05-03,ELECTRON MICROSCOPY,10.2210/pdb5vov/pdb,"https://www.rcsb.org/structure/""5VOV"
58,5VOU,Structure of a Protein Complex,6.4,2017-05-03,ELECTRON MICROSCOPY,10.2210/pdb5vou/pdb,"https://www.rcsb.org/structure/""5VOU"
252,5VOT,Structure of a Protein Complex,4.9,2017-05-03,ELECTRON MICROSCOPY,10.2210/pdb5vot/pdb,"https://www.rcsb.org/structure/""5VOT"
115,5NS9,Crystal structure of the GluA2 LBD (L483Y-N754S-L758V) in complex with glutamate,1.44,2017-04-25,X-RAY DIFFRACTION,10.2210/pdb5ns9/pdb,"https://www.rcsb.org/structure/""5NS9"
250,5VHW,GluA2-0xGSG1L bound to ZK,7.8,2017-04-13,ELECTRON MICROSCOPY,10.2210/pdb5vhw/pdb,"https://www.rcsb.org/structure/""5VHW"
170,5VHZ,GluA2-2xGSG1L bound to L-Quisqualate,8.4,2017-04-13,ELECTRON MICROSCOPY,10.2210/pdb5vhz/pdb,"https://www.rcsb.org/structure/""5VHZ"
134,5VHX,GluA2-1xGSG1L bound to ZK,8.3,2017-04-13,ELECTRON MICROSCOPY,10.2210/pdb5vhx/pdb,"https://www.rcsb.org/structure/""5VHX"
114,5VHY,GluA2-2xGSG1L bound to ZK,4.6,2017-04-13,ELECTRON MICROSCOPY,10.2210/pdb5vhy/pdb,"https://www.rcsb.org/structure/""5VHY"
99,5NIH,Crystal structure of the GluA2 ligand-binding domain (S1S2J) in complex with agonist LM-12b at 1.3 A resolution.,1.3,2017-03-24,X-RAY DIFFRACTION,10.2210/pdb5nih/pdb,"https://www.rcsb.org/structure/""5NIH"
121,5NG9,Crystal structure of the GluA2 ligand-binding domain (S1S2J) in complex with agonist CIP-AS at 1.15 A resolution.,1.15,2017-03-17,X-RAY DIFFRACTION,10.2210/pdb5ng9/pdb,"https://www.rcsb.org/structure/""5NG9"
244,5N6P,AMPA receptor NTD mutant,2.8,2017-02-15,X-RAY DIFFRACTION,10.2210/pdb5n6p/pdb,"https://www.rcsb.org/structure/""5N6P"
195,5L1F,AMPA subtype ionotropic glutamate receptor GluA2 in complex with noncompetitive inhibitor Perampanel,4.0,2016-07-29,X-RAY DIFFRACTION,10.2210/pdb5l1f/pdb,"https://www.rcsb.org/structure/""5L1F"
141,5L1H,AMPA subtype ionotropic glutamate receptor GluA2 in complex with noncompetitive inhibitor GYKI53655,3.8,2016-07-29,X-RAY DIFFRACTION,10.2210/pdb5l1h/pdb,"https://www.rcsb.org/structure/""5L1H"
86,5L1G,AMPA subtype ionotropic glutamate receptor GluA2 in complex with GYKI-Br,4.51,2016-07-29,X-RAY DIFFRACTION,10.2210/pdb5l1g/pdb,"https://www.rcsb.org/structure/""5L1G"
117,5L1E,AMPA subtype ionotropic glutamate receptor GluA2 in complex with noncompetitive inhibitor CP465022,4.37,2016-07-29,X-RAY DIFFRACTION,10.2210/pdb5l1e/pdb,"https://www.rcsb.org/structure/""5L1E"
150,5L1B,AMPA subtype ionotropic glutamate receptor GluA2 in Apo state,4.0,2016-07-28,X-RAY DIFFRACTION,10.2210/pdb5l1b/pdb,"https://www.rcsb.org/structure/""5L1B"
186,5KK2,Architecture of fully occupied GluA2 AMPA receptor - TARP complex elucidated by single particle cryo-electron microscopy,7.3,2016-06-20,ELECTRON MICROSCOPY,10.2210/pdb5kk2/pdb,"https://www.rcsb.org/structure/""5KK2"
103,5KBS,Cryo-EM structure of GluA2-0xSTZ at 8.7 Angstrom resolution,8.7,2016-06-03,ELECTRON MICROSCOPY,10.2210/pdb5kbs/pdb,"https://www.rcsb.org/structure/""5KBS"
202,5KBV,Cryo-EM structure of GluA2 bound to antagonist ZK200775 at 6.8 Angstrom resolution,6.8,2016-06-03,ELECTRON MICROSCOPY,10.2210/pdb5kbv/pdb,"https://www.rcsb.org/structure/""5KBV"
16,5KBT,Cryo-EM structure of GluA2-1xSTZ complex at 6.4 Angstrom resolution,6.4,2016-06-03,ELECTRON MICROSCOPY,10.2210/pdb5kbt/pdb,"https://www.rcsb.org/structure/""5KBT"
94,5KBU,Cryo-EM structure of GluA2-2xSTZ complex at 7.8 Angstrom resolution,7.8,2016-06-03,ELECTRON MICROSCOPY,10.2210/pdb5kbu/pdb,"https://www.rcsb.org/structure/""5KBU"
164,5JEI,Crystal structure of the GluA2 LBD in complex with FW,1.23,2016-04-18,X-RAY DIFFRACTION,10.2210/pdb5jei/pdb,"https://www.rcsb.org/structure/""5JEI"
100,5IDF,Cryo-EM structure of GluA2/3 AMPA receptor heterotetramer (model II),10.31,2016-02-24,ELECTRON MICROSCOPY,10.2210/pdb5idf/pdb,"https://www.rcsb.org/structure/""5IDF"
29,5IDE,Cryo-EM structure of GluA2/3 AMPA receptor heterotetramer (model I),8.25,2016-02-24,ELECTRON MICROSCOPY,10.2210/pdb5ide/pdb,"https://www.rcsb.org/structure/""5IDE"
212,5FWX,Crystal structure of the AMPA receptor GluA2/A4 N-terminal domain heterodimer,2.5,2016-02-21,X-RAY DIFFRACTION,10.2210/pdb5fwx/pdb,"https://www.rcsb.org/structure/""5FWX"
146,5FWY,Crystal structure of the AMPA receptor GluA2/A3 N-terminal domain heterodimer,2.12,2016-02-21,X-RAY DIFFRACTION,10.2210/pdb5fwy/pdb,"https://www.rcsb.org/structure/""5FWY"
234,5FTI,Crystal structure of the GluA2 K738M-T744K LBD in complex with glutamate (lithium form),1.35,2016-01-13,X-RAY DIFFRACTION,10.2210/pdb5fti/pdb,"https://www.rcsb.org/structure/""5FTI"
159,5FTH,Crystal structure of the GluA2 K738M-T744K LBD in complex with glutamate (zinc form),2.9,2016-01-13,X-RAY DIFFRACTION,10.2210/pdb5fth/pdb,"https://www.rcsb.org/structure/""5FTH"
2,5H8S,Structure of the human GluA2 LBD in complex with GNE3419,1.7,2015-12-23,X-RAY DIFFRACTION,10.2210/pdb5h8s/pdb,"https://www.rcsb.org/structure/""5H8S"
182,5FHN,Crystal structure of the GluA2 ligand-binding domain (S1S2J) in complex with (S)-2-Amino-3-(5-(2-(3-methylbenzyl)-2H-tetrazol-5-yl)-3-hydroxyisoxazol-4-yl)propanoic acid at 1.6 A resolution,1.6,2015-12-22,X-RAY DIFFRACTION,10.2210/pdb5fhn/pdb,"https://www.rcsb.org/structure/""5FHN"
97,5FHO,Crystal structure of the GluA2 ligand-binding domain (S1S2J) in complex with (S)-2-Amino-3-(5-(2-(3-chlorobenzyl)-2H-tetrazol-5-yl)-3-hydroxyisoxazol-4-yl)propanoic acid at 2.3 A resolution,2.3,2015-12-22,X-RAY DIFFRACTION,10.2210/pdb5fho/pdb,"https://www.rcsb.org/structure/""5FHO"
229,5FHM,Crystal structure of the GluA2 ligand-binding domain (S1S2J) in complex with (S)-2-Amino-3-(5-(2-(3-(aminomethyl)benzyl)-2H-tetrazol-5-yl)-3-hydroxyisoxazol-4-yl)propanoic acid at resolution 1.55 A resolution,1.55,2015-12-22,X-RAY DIFFRACTION,10.2210/pdb5fhm/pdb,"https://www.rcsb.org/structure/""5FHM"
108,5ELV,Crystal structure of the GluA2 ligand-binding domain (S1S2J-L504-N775) in complex with glutamate and BPAM-521 at 1.92 A resolution,1.92,2015-11-05,X-RAY DIFFRACTION,10.2210/pdb5elv/pdb,"https://www.rcsb.org/structure/""5ELV"
174,5CBS,Crystal structure of the GluA2 ligand-binding domain (S1S2J) in complex with the antagonist (R)-2-amino-3-(3\'-hydroxybiphenyl-3-yl)propanoic acid at 1.8A resolution,1.8,2015-07-01,X-RAY DIFFRACTION,10.2210/pdb5cbs/pdb,"https://www.rcsb.org/structure/""5CBS"
163,5CBR,"Crystal structure of the GluA2 ligand-binding domain (S1S2J) in complex with the antagonist (S)-2-amino-3-(3,4-dichloro-5-(5-hydroxypyridin-3-yl)phenyl)propanoic acid at 2.0A resolution",2.0,2015-07-01,X-RAY DIFFRACTION,10.2210/pdb5cbr/pdb,"https://www.rcsb.org/structure/""5CBR"
192,5BUU,Crystal structure of the GluA2 ligand-binding domain (L483Y-N754S) in complex with glutamate and BPAM-321 at 2.07 A resolution,2.07,2015-06-04,X-RAY DIFFRACTION,10.2210/pdb5buu/pdb,"https://www.rcsb.org/structure/""5BUU"
257,4Z0I,Crystal structure of a tetramer of GluA2 ligand binding domains bound with glutamate at 1.45 Angstrom resolution,1.45,2015-03-26,X-RAY DIFFRACTION,10.2210/pdb4z0i/pdb,"https://www.rcsb.org/structure/""4Z0I"
152,4YU0,Crystal structure of a tetramer of GluA2 TR mutant ligand binding domains bound with glutamate at 1.26 Angstrom resolution,1.26,2015-03-18,X-RAY DIFFRACTION,10.2210/pdb4yu0/pdb,"https://www.rcsb.org/structure/""4YU0"
13,4YMA,Structure of the ligand-binding domain of GluA2 in complex with the antagonist CNG10109,1.89,2015-03-06,X-RAY DIFFRACTION,10.2210/pdb4yma/pdb,"https://www.rcsb.org/structure/""4YMA"
9,4X48,Crystal structure of GluR2 ligand-binding core,1.89,2014-12-02,X-RAY DIFFRACTION,10.2210/pdb4x48/pdb,"https://www.rcsb.org/structure/""4X48"
119,4U5E,"Crystal structure of GluA2 T625G, con-ikot-ikot snail toxin, partial agonist KA and postitive modulator (R,R)-2b complex",3.51,2014-07-25,X-RAY DIFFRACTION,10.2210/pdb4u5e/pdb,"https://www.rcsb.org/structure/""4U5E"
274,4U5D,"Crystal structure of GluA2, con-ikot-ikot snail toxin, partial agonist KA and postitive modulator (R,R)-2b complex",3.58,2014-07-25,X-RAY DIFFRACTION,10.2210/pdb4u5d/pdb,"https://www.rcsb.org/structure/""4U5D"
138,4U5B,"Crystal structure of GluA2 A622T, con-ikot-ikot snail toxin, partial agonist KA and postitive modulator (R,R)-2b complex",3.5,2014-07-25,X-RAY DIFFRACTION,10.2210/pdb4u5b/pdb,"https://www.rcsb.org/structure/""4U5B"
46,4U5C,"Crystal structure of GluA2, con-ikot-ikot snail toxin, partial agonist FW and postitive modulator (R,R)-2b complex",3.69,2014-07-25,X-RAY DIFFRACTION,10.2210/pdb4u5c/pdb,"https://www.rcsb.org/structure/""4U5C"
38,4U4S,Crystal structure of the GluA2 ligand-binding domain (S1S2J-L483Y-N754S) in complex with glutamate and BPAM25 at 1.90 A resolution.,1.9,2014-07-24,X-RAY DIFFRACTION,10.2210/pdb4u4s/pdb,"https://www.rcsb.org/structure/""4U4S"
172,4U4X,Crystal structure of the GluA2 ligand-binding domain (S1S2J-L483Y-N754S) in complex with glutamate and BPAM37 at 1.56 A resolution.,1.56,2014-07-24,X-RAY DIFFRACTION,10.2210/pdb4u4x/pdb,"https://www.rcsb.org/structure/""4U4X"
12,4U5F,"Crystal structure of GluA2, con-ikot-ikot snail toxin, partial agonist KA and postitive modulator (R,R)-2b complex, GluA2cryst2 construct",3.7,2014-07-24,X-RAY DIFFRACTION,10.2210/pdb4u5f/pdb,"https://www.rcsb.org/structure/""4U5F"
92,4U4F,Structure of GluA2* in complex with partial agonist (S)-5-Nitrowillardiine,4.79,2014-07-23,X-RAY DIFFRACTION,10.2210/pdb4u4f/pdb,"https://www.rcsb.org/structure/""4U4F"
130,4U4G,Structure of GluA2* in complex with competitive antagonist ZK 200775,4.49,2014-07-23,X-RAY DIFFRACTION,10.2210/pdb4u4g/pdb,"https://www.rcsb.org/structure/""4U4G"
161,4U2Q,Full-length AMPA subtype ionotropic glutamate receptor GluA2 in complex with partial agonist kainate,3.52,2014-07-17,X-RAY DIFFRACTION,10.2210/pdb4u2q/pdb,"https://www.rcsb.org/structure/""4U2Q"
178,4U2P,Full-length AMPA subtype ionotropic glutamate receptor GluA2 in the apo state,3.24,2014-07-17,X-RAY DIFFRACTION,10.2210/pdb4u2p/pdb,"https://www.rcsb.org/structure/""4U2P"
148,4U2R,"Crystal structure of the GLUR2 ligand binding core (S1S2J, flip variant) in the apo state",1.41,2014-07-17,X-RAY DIFFRACTION,10.2210/pdb4u2r/pdb,"https://www.rcsb.org/structure/""4U2R"
31,4U1Y,"Full length GluA2-FW-(R,R)-2b complex",3.9,2014-07-16,X-RAY DIFFRACTION,10.2210/pdb4u1y/pdb,"https://www.rcsb.org/structure/""4U1Y"
20,4U1Z,"GluA2flip sLBD complexed with kainate and (R,R)-2b crystal form D",1.94,2014-07-16,X-RAY DIFFRACTION,10.2210/pdb4u1z/pdb,"https://www.rcsb.org/structure/""4U1Z"
11,4U22,"GluA2flip sLBD complexed with FW and (R,R)-2b crystal form D",1.44,2014-07-16,X-RAY DIFFRACTION,10.2210/pdb4u22/pdb,"https://www.rcsb.org/structure/""4U22"
227,4U1W,"Full length GluA2-kainate-(R,R)-2b complex crystal form A",3.25,2014-07-16,X-RAY DIFFRACTION,10.2210/pdb4u1w/pdb,"https://www.rcsb.org/structure/""4U1W"
144,4U21,"GluA2flip sLBD complexed with FW and (R,R)-2b crystal form E",1.39,2014-07-16,X-RAY DIFFRACTION,10.2210/pdb4u21/pdb,"https://www.rcsb.org/structure/""4U21"
194,4U1X,"Full length GluA2-kainate-(R,R)-2b complex crystal form B",3.3,2014-07-16,X-RAY DIFFRACTION,10.2210/pdb4u1x/pdb,"https://www.rcsb.org/structure/""4U1X"
84,4U23,"GluA2flip sLBD complexed with FW and (R,R)-2b crystal form F",1.67,2014-07-16,X-RAY DIFFRACTION,10.2210/pdb4u23/pdb,"https://www.rcsb.org/structure/""4U23"
79,4U1O,"GluA2flip sLBD complexed with kainate and (R,R)-2b crystal form C",1.85,2014-07-15,X-RAY DIFFRACTION,10.2210/pdb4u1o/pdb,"https://www.rcsb.org/structure/""4U1O"
76,4UQJ,Cryo-EM density map of GluA2em in complex with ZK200775,10.4,2014-06-24,ELECTRON MICROSCOPY,10.2210/pdb4uqj/pdb,"https://www.rcsb.org/structure/""4UQJ"
5,4UQK,Electron density map of GluA2em in complex with quisqualate and LY451646,16.4,2014-06-24,ELECTRON MICROSCOPY,10.2210/pdb4uqk/pdb,"https://www.rcsb.org/structure/""4UQK"
173,4UQ6,Electron density map of GluA2em in complex with LY451646 and glutamate,12.8,2014-06-20,ELECTRON MICROSCOPY,10.2210/pdb4uq6/pdb,"https://www.rcsb.org/structure/""4UQ6"
85,4Q30,Nitrowillardiine bound to the ligand binding domain of GluA2 at pH 3.5,2.03,2014-04-10,X-RAY DIFFRACTION,10.2210/pdb4q30/pdb,"https://www.rcsb.org/structure/""4Q30"
256,4O3C,Crystal structure of the GLUA2 ligand-binding domain in complex with L-aspartate at 1.50 A resolution,1.5,2013-12-18,X-RAY DIFFRACTION,10.2210/pdb4o3c/pdb,"https://www.rcsb.org/structure/""4O3C"
246,4O3A,Crystal structure of the glua2 ligand-binding domain in complex with L-aspartate at 1.80 a resolution,1.8,2013-12-18,X-RAY DIFFRACTION,10.2210/pdb4o3a/pdb,"https://www.rcsb.org/structure/""4O3A"
129,4O3B,Crystal structure of an open/closed glua2 ligand-binding domain dimer at 1.91 A resolution,1.91,2013-12-18,X-RAY DIFFRACTION,10.2210/pdb4o3b/pdb,"https://www.rcsb.org/structure/""4O3B"
133,4N07,Crystal structure of the GluA2 ligand-binding domain (S1S2J-L483Y-N754S) in complex with glutamate and BPAM-344 at 1.87 A resolution,1.87,2013-10-01,X-RAY DIFFRACTION,10.2210/pdb4n07/pdb,"https://www.rcsb.org/structure/""4N07"
264,4LZ5,Crystal structures of GLuR2 ligand-binding-domain in complex with glutamate and positive allosteric modulators,1.5,2013-07-31,X-RAY DIFFRACTION,10.2210/pdb4lz5/pdb,"https://www.rcsb.org/structure/""4LZ5"
260,4LZ7,Crystal structures of GLuR2 ligand-binding-domain in complex with glutamate and positive allosteric modulators,2.1,2013-07-31,X-RAY DIFFRACTION,10.2210/pdb4lz7/pdb,"https://www.rcsb.org/structure/""4LZ7"
60,4LZ8,Crystal structures of GLuR2 ligand-binding-domain in complex with glutamate and positive allosteric modulators,1.85,2013-07-31,X-RAY DIFFRACTION,10.2210/pdb4lz8/pdb,"https://www.rcsb.org/structure/""4LZ8"
142,4L17,GluA2-L483Y-A665C ligand-binding domain in complex with the antagonist DNQX,2.8,2013-06-02,X-RAY DIFFRACTION,10.2210/pdb4l17/pdb,"https://www.rcsb.org/structure/""4L17"
71,4IY5,Crystal structure of the glua2 ligand-binding domain (S1S2J-L483Y-N754S) in complex with glutamate and CX516 at 2.0 A resolution,2.0,2013-01-28,X-RAY DIFFRACTION,10.2210/pdb4iy5/pdb,"https://www.rcsb.org/structure/""4IY5"
3,4IY6,Crystal structure of the GLUA2 ligand-binding domain (S1S2J-L483Y-N754S) in complex with glutamate and ME-CX516 at 1.72 A resolution,1.72,2013-01-28,X-RAY DIFFRACTION,10.2210/pdb4iy6/pdb,"https://www.rcsb.org/structure/""4IY6"
28,4ISU,Crystal structure of the GluA2 ligand-binding domain (S1S2J) in complex with the antagonist (2R)-IKM-159 at 2.3A resolution.,2.3,2013-01-17,X-RAY DIFFRACTION,10.2210/pdb4isu/pdb,"https://www.rcsb.org/structure/""4ISU"
231,4IGT,Crystal structure of the GluA2 ligand-binding domain (S1S2J) in complex with the agonist ZA302 at 1.24A resolution,1.24,2012-12-18,X-RAY DIFFRACTION,10.2210/pdb4igt/pdb,"https://www.rcsb.org/structure/""4IGT"
68,4H8J,Structure of GluA2-LBD in complex with MES,1.8,2012-09-22,X-RAY DIFFRACTION,10.2210/pdb4h8j/pdb,"https://www.rcsb.org/structure/""4H8J"
258,4GXS,Ligand binding domain of GluA2 (AMPA/glutamate receptor) bound to (-)-kaitocephalin,1.96,2012-09-04,X-RAY DIFFRACTION,10.2210/pdb4gxs/pdb,"https://www.rcsb.org/structure/""4GXS"
162,4GPA,High resolution structure of the GluA4 N-terminal domain (NTD),2.25,2012-08-20,X-RAY DIFFRACTION,10.2210/pdb4gpa/pdb,"https://www.rcsb.org/structure/""4GPA"
62,4G8M,Crystal structure of the GluA2 ligand-binding domain (S1S2J) in complex with the agonist CBG-IV at 2.05A resolution,2.05,2012-07-23,X-RAY DIFFRACTION,10.2210/pdb4g8m/pdb,"https://www.rcsb.org/structure/""4G8M"
70,4FAT,Ligand-binding domain of GluA2 (flip) ionotropic glutamate receptor in complex with an allosteric modulator,1.4,2012-05-22,X-RAY DIFFRACTION,10.2210/pdb4fat/pdb,"https://www.rcsb.org/structure/""4FAT"
266,4F39,Kainate bound to the ligand binding domain of GluA3,1.83,2012-05-09,X-RAY DIFFRACTION,10.2210/pdb4f39/pdb,"https://www.rcsb.org/structure/""4F39"
228,4F3B,Glutamate bound to the D655A mutant of the ligand binding domain of GluA3,1.82,2012-05-09,X-RAY DIFFRACTION,10.2210/pdb4f3b/pdb,"https://www.rcsb.org/structure/""4F3B"
180,4F3G,Kainate bound to the ligand binding domain of GluA3i,2.06,2012-05-09,X-RAY DIFFRACTION,10.2210/pdb4f3g/pdb,"https://www.rcsb.org/structure/""4F3G"
160,4F31,Kainate bound to the D655A mutant of the ligand binding domain of GluA3,2.29,2012-05-08,X-RAY DIFFRACTION,10.2210/pdb4f31/pdb,"https://www.rcsb.org/structure/""4F31"
66,4F2Q,Quisqualate bound to the D655A mutant of the ligand binding domain of GluA3,2.2,2012-05-08,X-RAY DIFFRACTION,10.2210/pdb4f2q/pdb,"https://www.rcsb.org/structure/""4F2Q"
270,4F2O,Quisqualate bound to the D655A mutant of the ligand binding domain of GluA3,1.91,2012-05-08,X-RAY DIFFRACTION,10.2210/pdb4f2o/pdb,"https://www.rcsb.org/structure/""4F2O"
236,4F22,Kainate bound to the K660A mutant of the ligand binding domain of GluA3,2.06,2012-05-07,X-RAY DIFFRACTION,10.2210/pdb4f22/pdb,"https://www.rcsb.org/structure/""4F22"
120,4F1Y,CNQX bound to the ligand binding domain of GluA3,1.79,2012-05-07,X-RAY DIFFRACTION,10.2210/pdb4f1y/pdb,"https://www.rcsb.org/structure/""4F1Y"
211,4F29,Quisqualate bound to the ligand binding domain of GluA3i,1.75,2012-05-07,X-RAY DIFFRACTION,10.2210/pdb4f29/pdb,"https://www.rcsb.org/structure/""4F29"
157,3UA8,Crystal Structure Analysis of a 6-Amino Quinazolinedione Sulfonamide bound to human GluR2,1.9,2011-10-21,X-RAY DIFFRACTION,10.2210/pdb3ua8/pdb,"https://www.rcsb.org/structure/""3UA8"
82,3TZA,Crystal structure of the GluA2 ligand-binding domain (S1S2J) in complex with the antagonist (S)-2-amino-3-(2-(2-carboxyethyl)-5-chloro-4-nitrophenyl)propionic acid at 1.9A resolution,1.9,2011-09-27,X-RAY DIFFRACTION,10.2210/pdb3tza/pdb,"https://www.rcsb.org/structure/""3TZA"
89,3TKD,Crystal structure of the GluA2 ligand-binding domain (S1S2J-L483Y-N754S) in complex with glutamate and cyclothiazide at 1.45 A resolution,1.45,2011-08-26,X-RAY DIFFRACTION,10.2210/pdb3tkd/pdb,"https://www.rcsb.org/structure/""3TKD"
87,3TDJ,Crystal structure of the GluA2 ligand-binding domain (S1S2J-L483Y-N754S) in complex with glutamate and BPAM-97 at 1.95 A resolution,1.95,2011-08-11,X-RAY DIFFRACTION,10.2210/pdb3tdj/pdb,"https://www.rcsb.org/structure/""3TDJ"
109,3T9V,CNQX bound to a reduced double cysteine mutant (A452C/S652C) of the ligand binding domain of GluA2,1.98,2011-08-03,X-RAY DIFFRACTION,10.2210/pdb3t9v/pdb,"https://www.rcsb.org/structure/""3T9V"
91,3T9U,CNQX bound to an oxidized double cysteine mutant (A452C/S652C) of the ligand binding domain of GluA2,1.97,2011-08-03,X-RAY DIFFRACTION,10.2210/pdb3t9u/pdb,"https://www.rcsb.org/structure/""3T9U"
10,3T9X,Glutamate bound to a double cysteine mutant (V484C/E657C) of the ligand binding domain of GluA2,1.82,2011-08-03,X-RAY DIFFRACTION,10.2210/pdb3t9x/pdb,"https://www.rcsb.org/structure/""3T9X"
237,3T96,Iodowillardiine bound to a double cysteine mutant (A452C/S652C) of the ligand binding domain of GluA2,1.87,2011-08-02,X-RAY DIFFRACTION,10.2210/pdb3t96/pdb,"https://www.rcsb.org/structure/""3T96"
137,3T9H,Kainate bound to a double cysteine mutant (A452C/S652C) of the ligand binding domain of GluA2,2.02,2011-08-02,X-RAY DIFFRACTION,10.2210/pdb3t9h/pdb,"https://www.rcsb.org/structure/""3T9H"
112,3T93,Glutamate bound to a double cysteine mutant (A452C/S652C) of the ligand binding domain of GluA2,1.91,2011-08-02,X-RAY DIFFRACTION,10.2210/pdb3t93/pdb,"https://www.rcsb.org/structure/""3T93"
233,3SAJ,Crystal Structure of glutamate receptor GluA1 Amino Terminal Domain,2.5,2011-06-02,X-RAY DIFFRACTION,10.2210/pdb3saj/pdb,"https://www.rcsb.org/structure/""3SAJ"
74,3RTW,Nitrowillardiine bound to the ligand binding domain of GluA2,2.1,2011-05-04,X-RAY DIFFRACTION,10.2210/pdb3rtw/pdb,"https://www.rcsb.org/structure/""3RTW"
262,3RT6,Fluorowillardiine bound to the ligand binding domain of GluA3,2.84,2011-05-03,X-RAY DIFFRACTION,10.2210/pdb3rt6/pdb,"https://www.rcsb.org/structure/""3RT6"
57,3RT8,Chlorowillardiine bound to the ligand binding domain of GluA3,2.43,2011-05-03,X-RAY DIFFRACTION,10.2210/pdb3rt8/pdb,"https://www.rcsb.org/structure/""3RT8"
271,3RTF,Chlorowillardiine bound to the ligand binding domain of GluA2,1.7,2011-05-03,X-RAY DIFFRACTION,10.2210/pdb3rtf/pdb,"https://www.rcsb.org/structure/""3RTF"
0,3RNN,Crystal Structure of iGluR2 Ligand Binding Domain with Symmetric Sulfonamide Containing Potentiator,1.75,2011-04-22,X-RAY DIFFRACTION,10.2210/pdb3rnn/pdb,"https://www.rcsb.org/structure/""3RNN"
214,3RN8,Crystal Structure of iGluR2 Ligand Binding Domain and Symmetrical Carboxyl Containing Potentiator,1.7,2011-04-22,X-RAY DIFFRACTION,10.2210/pdb3rn8/pdb,"https://www.rcsb.org/structure/""3RN8"
193,3R7X,Crystal Structure Analysis of a Quinazolinedione sulfonamide bound to human GluR2: A Novel Class of Competitive AMPA Receptor Antagonists with Oral Activity,2.1,2011-03-23,X-RAY DIFFRACTION,10.2210/pdb3r7x/pdb,"https://www.rcsb.org/structure/""3R7X"
7,3PMW,Ligand-binding domain of GluA2 (flip) ionotropic glutamate receptor in complex with an allosteric modulator,2.2,2010-11-18,X-RAY DIFFRACTION,10.2210/pdb3pmw/pdb,"https://www.rcsb.org/structure/""3PMW"
40,3PMV,Ligand-binding domain of GluA2 (flip) ionotropic glutamate receptor in complex with an allosteric modulator,1.8,2010-11-18,X-RAY DIFFRACTION,10.2210/pdb3pmv/pdb,"https://www.rcsb.org/structure/""3PMV"
52,3PMX,Ligand-binding domain of GluA2 (flip) ionotropic glutamate receptor in complex with an allosteric modulator,1.87,2010-11-18,X-RAY DIFFRACTION,10.2210/pdb3pmx/pdb,"https://www.rcsb.org/structure/""3PMX"
199,2XXI,"Crystal structure of 1-((4-(3-(trifluoromethyl)-6,7-dihydropyrano(4,3- c(pyrazol-1(4H)-yl)phenyl)methyl)-2-pyrrolidinone in complex with the ligand binding domain of the Rat GluA2 receptor and glutamate at 1.6A resolution.",1.6,2010-11-10,X-RAY DIFFRACTION,10.2210/pdb2xxi/pdb,"https://www.rcsb.org/structure/""2XXI"
147,2XXH,"Crystal structure of 1-(4-(2-oxo-2-(1-pyrrolidinyl)ethyl)phenyl)-3-(trifluoromethyl)-4,5,6,7-tetrahydro-1H-indazole in complex with the ligand binding domain of the Rat GluA2 receptor and glutamate at 1.5A resolution.",1.5,2010-11-10,X-RAY DIFFRACTION,10.2210/pdb2xxh/pdb,"https://www.rcsb.org/structure/""2XXH"
235,2XX9,"Crystal structure of 1-((2-fluoro-4-(3-(trifluoromethyl)-4,5,6,7- tetrahydro-1H-indazol-1-yl)phenyl)methyl)-2-pyrrolidinone in complex with the ligand binding domain of the Rat GluA2 receptor and glutamate at 2.2A resolution.",1.97,2010-11-09,X-RAY DIFFRACTION,10.2210/pdb2xx9/pdb,"https://www.rcsb.org/structure/""2XX9"
200,2XX7,"Crystal structure of 1-(4-(1-pyrrolidinylcarbonyl)phenyl)-3-(trifluoromethyl)-4,5,6,7-tetrahydro-1H-indazole in complex with the ligand binding domain of the Rat GluA2 receptor and glutamate at 2.2A resolution.",2.2,2010-11-09,X-RAY DIFFRACTION,10.2210/pdb2xx7/pdb,"https://www.rcsb.org/structure/""2XX7"
204,2XX8,"Crystal structure of N,N-dimethyl-4-(3-(trifluoromethyl)-4,5,6,7- tetrahydro-1H-indazol-1-yl)benzamide in complex with the ligand binding domain of the Rat GluA2 receptor and glutamate at 2.2A resolution.",1.55,2010-11-09,X-RAY DIFFRACTION,10.2210/pdb2xx8/pdb,"https://www.rcsb.org/structure/""2XX8"
48,3PD8,X-ray structure of the ligand-binding core of GluA2 in complex with (S)-7-HPCA at 2.5 A resolution,2.48,2010-10-22,X-RAY DIFFRACTION,10.2210/pdb3pd8/pdb,"https://www.rcsb.org/structure/""3PD8"
239,3PD9,X-ray structure of the ligand-binding core of GluA2 in complex with (R)-5-HPCA at 2.1 A resolution,2.1,2010-10-22,X-RAY DIFFRACTION,10.2210/pdb3pd9/pdb,"https://www.rcsb.org/structure/""3PD9"
207,3P3W,Structure of a dimeric GluA3 N-terminal domain (NTD) at 4.2 A resolution,4.2,2010-10-05,X-RAY DIFFRACTION,10.2210/pdb3p3w/pdb,"https://www.rcsb.org/structure/""3P3W"
189,3O6G,Ligand-binding domain of GluA2 (flip) ionotropic glutamate receptor in complex with an allosteric modulator,1.8,2010-07-29,X-RAY DIFFRACTION,10.2210/pdb3o6g/pdb,"https://www.rcsb.org/structure/""3O6G"
69,3O6I,Ligand-binding domain of GluA2 (flip) ionotropic glutamate receptor in complex with an allosteric modulator,1.8,2010-07-29,X-RAY DIFFRACTION,10.2210/pdb3o6i/pdb,"https://www.rcsb.org/structure/""3O6I"
265,3O6H,Ligand-binding domain of GluA2 (flip) ionotropic glutamate receptor in complex with an allosteric modulator,2.1,2010-07-29,X-RAY DIFFRACTION,10.2210/pdb3o6h/pdb,"https://www.rcsb.org/structure/""3O6H"
93,3O28,Ligand-binding domain of GluA2 (flip) ionotropic glutamate receptor in complex with an allosteric modulator,2.0,2010-07-22,X-RAY DIFFRACTION,10.2210/pdb3o28/pdb,"https://www.rcsb.org/structure/""3O28"
190,3O29,Ligand-binding domain of GluA2 (flip) ionotropic glutamate receptor in complex with an allosteric modulator,2.02,2010-07-22,X-RAY DIFFRACTION,10.2210/pdb3o29/pdb,"https://www.rcsb.org/structure/""3O29"
90,3O2J,"Structure of the GluA2 NTD-dimer interface mutant, N54A",1.95,2010-07-22,X-RAY DIFFRACTION,10.2210/pdb3o2j/pdb,"https://www.rcsb.org/structure/""3O2J"
24,3O2A,Ligand-binding domain of GluA2 (flip) ionotropic glutamate receptor in complex with an allosteric modulator,1.9,2010-07-22,X-RAY DIFFRACTION,10.2210/pdb3o2a/pdb,"https://www.rcsb.org/structure/""3O2A"
139,3O21,High resolution structure of GluA3 N-terminal domain (NTD),2.2,2010-07-22,X-RAY DIFFRACTION,10.2210/pdb3o21/pdb,"https://www.rcsb.org/structure/""3O21"
149,2XHD,"Crystal structure of N-((2S)-5-(6-fluoro-3-pyridinyl)-2,3-dihydro-1H- inden-2-yl)-2-propanesulfonamide in complex with the ligand binding domain of the human GluA2 receptor",1.8,2010-06-14,X-RAY DIFFRACTION,10.2210/pdb2xhd/pdb,"https://www.rcsb.org/structure/""2XHD"
248,3N6V,"Structure of the GluA2 NTD-dimer interface mutant, T78A",3.2,2010-05-26,X-RAY DIFFRACTION,10.2210/pdb3n6v/pdb,"https://www.rcsb.org/structure/""3N6V"
210,3M3L,PEPA bound to the ligand binding domain of GluA2 (flop form),1.85,2010-03-09,X-RAY DIFFRACTION,10.2210/pdb3m3l/pdb,"https://www.rcsb.org/structure/""3M3L"
96,3M3F,PEPA bound to the ligand binding domain of GluA3 (flop form),2.5,2010-03-09,X-RAY DIFFRACTION,10.2210/pdb3m3f/pdb,"https://www.rcsb.org/structure/""3M3F"
61,3M3K,Ligand binding domain (S1S2) of GluA3 (flop),1.79,2010-03-09,X-RAY DIFFRACTION,10.2210/pdb3m3k/pdb,"https://www.rcsb.org/structure/""3M3K"
35,3LSW,Aniracetam bound to the ligand binding domain of GluA3,1.75,2010-02-13,X-RAY DIFFRACTION,10.2210/pdb3lsw/pdb,"https://www.rcsb.org/structure/""3LSW"
175,3LSX,Piracetam bound to the ligand binding domain of GluA3,2.01,2010-02-13,X-RAY DIFFRACTION,10.2210/pdb3lsx/pdb,"https://www.rcsb.org/structure/""3LSX"
33,3LSF,Piracetam bound to the ligand binding domain of GluA2,1.85,2010-02-12,X-RAY DIFFRACTION,10.2210/pdb3lsf/pdb,"https://www.rcsb.org/structure/""3LSF"
226,3LSL,Piracetam bound to the ligand binding domain of GluA2 (flop form),2.12,2010-02-12,X-RAY DIFFRACTION,10.2210/pdb3lsl/pdb,"https://www.rcsb.org/structure/""3LSL"
102,3KG2,AMPA subtype ionotropic glutamate receptor in complex with competitive antagonist ZK 200775,3.6,2009-10-28,X-RAY DIFFRACTION,10.2210/pdb3kg2/pdb,"https://www.rcsb.org/structure/""3KG2"
123,3KGC,"Isolated ligand binding domain dimer of GluA2 ionotropic glutamate receptor in complex with glutamate, LY 404187 and ZK 200775",1.55,2009-10-28,X-RAY DIFFRACTION,10.2210/pdb3kgc/pdb,"https://www.rcsb.org/structure/""3KGC"
221,3KFM,Crystal Structure of the GluA4 Ligand-Binding domain L651V mutant in complex with kainate,2.2,2009-10-27,X-RAY DIFFRACTION,10.2210/pdb3kfm/pdb,"https://www.rcsb.org/structure/""3KFM"
209,3KEI,Crystal Structure of the GluA4 Ligand-Binding domain L651V mutant in complex with glutamate,1.9,2009-10-26,X-RAY DIFFRACTION,10.2210/pdb3kei/pdb,"https://www.rcsb.org/structure/""3KEI"
83,3ILT,"Crystal structure of the AMPA subunit GluR2 bound to the allosteric modulator, trichlormethiazide",2.11,2009-08-07,X-RAY DIFFRACTION,10.2210/pdb3ilt/pdb,"https://www.rcsb.org/structure/""3ILT"
113,3ILU,"Crystal structure of the AMPA subunit GluR2 bound to the allosteric modulator, hydroflumethiazide",2.0,2009-08-07,X-RAY DIFFRACTION,10.2210/pdb3ilu/pdb,"https://www.rcsb.org/structure/""3ILU"
197,3IL1,"Crystal structure of the AMPA subunit GluR2 bound to the allosteric modulator, IDRA-21",2.0,2009-08-06,X-RAY DIFFRACTION,10.2210/pdb3il1/pdb,"https://www.rcsb.org/structure/""3IL1"
198,3IK6,"Crystal structure of the AMPA subunit GluR2 bound to the allosteric modulator, chlorothiazide",2.1,2009-08-05,X-RAY DIFFRACTION,10.2210/pdb3ik6/pdb,"https://www.rcsb.org/structure/""3IK6"
118,3IJX,"Crystal structure of the AMPA subunit GluR2 bound to the allosteric modulator, hydrochlorothiazide",2.88,2009-08-05,X-RAY DIFFRACTION,10.2210/pdb3ijx/pdb,"https://www.rcsb.org/structure/""3IJX"
220,3IJO,"Crystal structure of the AMPA subunit GluR2 bound to the allosteric modulator, althiazide",2.0,2009-08-04,X-RAY DIFFRACTION,10.2210/pdb3ijo/pdb,"https://www.rcsb.org/structure/""3IJO"
273,3HSY,High resolution structure of a dimeric GluR2 N-terminal domain (NTD),1.75,2009-06-11,X-RAY DIFFRACTION,10.2210/pdb3hsy/pdb,"https://www.rcsb.org/structure/""3HSY"
251,2WJW,Crystal structure of the human ionotropic glutamate receptor GluR2 ATD region at 1.8 A resolution,1.8,2009-06-01,X-RAY DIFFRACTION,10.2210/pdb2wjw/pdb,"https://www.rcsb.org/structure/""2WJW"
54,2WJX,Crystal structure of the human ionotropic glutamate receptor GluR2 ATD region at 4.1 A resolution,4.1,2009-06-01,X-RAY DIFFRACTION,10.2210/pdb2wjx/pdb,"https://www.rcsb.org/structure/""2WJX"
255,3H6V,Crystal structure of the iGluR2 ligand-binding core (S1S2J-N754S) in complex with glutamate and NS5206 at 2.10 A resolution,2.1,2009-04-24,X-RAY DIFFRACTION,10.2210/pdb3h6v/pdb,"https://www.rcsb.org/structure/""3H6V"
21,3H6U,Crystal structure of the iGluR2 ligand-binding core (S1S2J-N754S) in complex with glutamate and NS1493 at 1.85 A resolution,1.85,2009-04-24,X-RAY DIFFRACTION,10.2210/pdb3h6u/pdb,"https://www.rcsb.org/structure/""3H6U"
107,3H6W,Crystal structure of the iGluR2 ligand-binding core (S1S2J-N754S) in complex with glutamate and NS5217 at 1.50 A resolution,1.49,2009-04-24,X-RAY DIFFRACTION,10.2210/pdb3h6w/pdb,"https://www.rcsb.org/structure/""3H6W"
171,3H6T,Crystal structure of the iGluR2 ligand-binding core (S1S2J-N754S) in complex with glutamate and cyclothiazide at 2.25 A resolution,2.25,2009-04-24,X-RAY DIFFRACTION,10.2210/pdb3h6t/pdb,"https://www.rcsb.org/structure/""3H6T"
240,3H5W,Crystal structure of the GluR2-ATD in space group P212121 without solvent,2.69,2009-04-22,X-RAY DIFFRACTION,10.2210/pdb3h5w/pdb,"https://www.rcsb.org/structure/""3H5W"
222,3H5V,Crystal structure of the GluR2-ATD,2.33,2009-04-22,X-RAY DIFFRACTION,10.2210/pdb3h5v/pdb,"https://www.rcsb.org/structure/""3H5V"
243,3H06,"Crystal structure of the binding domain of the AMPA subunit GluR2 bound to the willardiine antagonist, UBP282",2.8,2009-04-08,X-RAY DIFFRACTION,10.2210/pdb3h06/pdb,"https://www.rcsb.org/structure/""3H06"
17,3H03,Crystal structure of the binding domain of the AMPA subunit GluR2 bound to UBP277,1.9,2009-04-08,X-RAY DIFFRACTION,10.2210/pdb3h03/pdb,"https://www.rcsb.org/structure/""3H03"
59,3FAS,X-ray structure of iGluR4 flip ligand-binding core (S1S2) in complex with (S)-glutamate at 1.40A resolution,1.4,2008-11-18,X-RAY DIFFRACTION,10.2210/pdb3fas/pdb,"https://www.rcsb.org/structure/""3FAS"
36,3FAT,X-ray structure of iGluR4 flip ligand-binding core (S1S2) in complex with (S)-AMPA at 1.90A resolution,1.9,2008-11-18,X-RAY DIFFRACTION,10.2210/pdb3fat/pdb,"https://www.rcsb.org/structure/""3FAT"
78,3EPE,Crystal Structure of the GluR4 Ligand-Binding domain in complex with glutamate,1.85,2008-09-29,X-RAY DIFFRACTION,10.2210/pdb3epe/pdb,"https://www.rcsb.org/structure/""3EPE"
191,3EN3,Crystal Structure of the GluR4 Ligand-Binding domain in complex with kainate,2.43,2008-09-25,X-RAY DIFFRACTION,10.2210/pdb3en3/pdb,"https://www.rcsb.org/structure/""3EN3"
225,3DP4,Crystal structure of the binding domain of the AMPA subunit GluR3 bound to AMPA,2.11,2008-07-07,X-RAY DIFFRACTION,10.2210/pdb3dp4/pdb,"https://www.rcsb.org/structure/""3DP4"
185,3DP6,Crystal structure of the binding domain of the AMPA subunit GluR2 bound to glutamate,1.55,2008-07-07,X-RAY DIFFRACTION,10.2210/pdb3dp6/pdb,"https://www.rcsb.org/structure/""3DP6"
15,3DLN,Crystal structure of the binding domain of the AMPA subunit GluR3 bound to glutamate,1.91,2008-06-27,X-RAY DIFFRACTION,10.2210/pdb3dln/pdb,"https://www.rcsb.org/structure/""3DLN"
104,3BKI,Crystal Structure of the GluR2 ligand binding core (S1S2J) in complex with FQX at 1.87 Angstroms,1.87,2007-12-06,X-RAY DIFFRACTION,10.2210/pdb3bki/pdb,"https://www.rcsb.org/structure/""3BKI"
42,3BFT,Structure of the ligand-binding core of GluR2 in complex with the agonist (S)-TDPA at 2.25 A resolution,2.27,2007-11-23,X-RAY DIFFRACTION,10.2210/pdb3bft/pdb,"https://www.rcsb.org/structure/""3BFT"
111,3BFU,Structure of the ligand-binding core of GluR2 in complex with the agonist (R)-TDPA at 1.95 A resolution,1.95,2007-11-23,X-RAY DIFFRACTION,10.2210/pdb3bfu/pdb,"https://www.rcsb.org/structure/""3BFU"
124,3BBR,Crystal structure of the iGluR2 ligand binding core (S1S2J-N775S) in complex with a dimeric positive modulator as well as glutamate at 2.25 A resolution,2.25,2007-11-11,X-RAY DIFFRACTION,10.2210/pdb3bbr/pdb,"https://www.rcsb.org/structure/""3BBR"
50,3B7D,Crystal structure of the GLUR2 ligand binding core (HS1S2J) in complex with CNQX at 2.5 A resolution,2.5,2007-10-30,X-RAY DIFFRACTION,10.2210/pdb3b7d/pdb,"https://www.rcsb.org/structure/""3B7D"
224,3B6Q,Crystal Structure of the GLUR2 Ligand Binding Core (S1S2J) Mutant T686A in Complex with Glutamate at 2.0 Resolution,2.0,2007-10-29,X-RAY DIFFRACTION,10.2210/pdb3b6q/pdb,"https://www.rcsb.org/structure/""3B6Q"
55,3B6W,Crystal Structure of the GLUR2 Ligand Binding Core (S1S2J) T686S Mutant in Complex with Glutamate at 1.7 Resolution,1.7,2007-10-29,X-RAY DIFFRACTION,10.2210/pdb3b6w/pdb,"https://www.rcsb.org/structure/""3B6W"
41,3B6T,Crystal Structure of the GLUR2 Ligand Binding Core (S1S2J) T686A Mutant in Complex with Quisqualate at 2.1 Resolution,2.1,2007-10-29,X-RAY DIFFRACTION,10.2210/pdb3b6t/pdb,"https://www.rcsb.org/structure/""3B6T"
127,2QT5,Crystal Structure of GRIP1 PDZ12 in Complex with the Fras1 Peptide,2.3,2007-08-01,X-RAY DIFFRACTION,10.2210/pdb2qt5/pdb,"https://www.rcsb.org/structure/""2QT5"
75,2UXA,"Crystal structure of the GluR2-flip ligand binding domain, r/g unedited.",2.38,2007-03-27,X-RAY DIFFRACTION,10.2210/pdb2uxa/pdb,"https://www.rcsb.org/structure/""2UXA"
110,2P2A,X-ray structure of the GluR2 ligand binding core (S1S2J) in complex with 2-Bn-tet-AMPA at 2.26A resolution,2.26,2007-03-07,X-RAY DIFFRACTION,10.2210/pdb2p2a/pdb,"https://www.rcsb.org/structure/""2P2A"
34,2I3W,Measurement of conformational changes accompanying desensitization in an ionotropic glutamate receptor: Structure of S729C mutant,2.3,2006-08-21,X-RAY DIFFRACTION,10.2210/pdb2i3w/pdb,"https://www.rcsb.org/structure/""2I3W"
206,2I3V,Measurement of conformational changes accompanying desensitization in an ionotropic glutamate receptor: Structure of G725C mutant,2.4,2006-08-21,X-RAY DIFFRACTION,10.2210/pdb2i3v/pdb,"https://www.rcsb.org/structure/""2I3V"
37,2CMO,The structure of a mixed glur2 ligand-binding core dimer in complex with (s)-glutamate and the antagonist (s)-ns1209,2.65,2006-05-11,X-RAY DIFFRACTION,10.2210/pdb2cmo/pdb,"https://www.rcsb.org/structure/""2CMO"
219,2GFE,Crystal structure of the GluR2 A476E S673D Ligand Binding Core Mutant at 1.54 Angstroms Resolution,1.54,2006-03-21,X-RAY DIFFRACTION,10.2210/pdb2gfe/pdb,"https://www.rcsb.org/structure/""2GFE"
101,2AWW,Synapse associated protein 97 PDZ2 domain variant C378G with C-terminal GluR-A peptide,2.21,2005-09-02,X-RAY DIFFRACTION,10.2210/pdb2aww/pdb,"https://www.rcsb.org/structure/""2AWW"
44,2ANJ,Crystal Structure of the Glur2 Ligand Binding Core (S1S2J-Y450W) Mutant in Complex With the Partial Agonist Kainic Acid at 2.1 A Resolution,2.1,2005-08-11,X-RAY DIFFRACTION,10.2210/pdb2anj/pdb,"https://www.rcsb.org/structure/""2ANJ"
126,2AL5,Crystal structure of the GluR2 ligand binding core (S1S2J) in complex with fluoro-willardiine and aniracetam,1.65,2005-08-04,X-RAY DIFFRACTION,10.2210/pdb2al5/pdb,"https://www.rcsb.org/structure/""2AL5"
232,2AL4,CRYSTAL STRUCTURE OF THE GLUR2 LIGAND BINDING CORE (S1S2J) IN COMPLEX WITH quisqualate and CX614.,1.7,2005-08-04,X-RAY DIFFRACTION,10.2210/pdb2al4/pdb,"https://www.rcsb.org/structure/""2AL4"
205,2AIX,X-ray structure of the GLUR2 ligand-binding core (S1S2J) in complex with (s)-thio-atpa at 2.2 a resolution.,2.17,2005-08-01,X-RAY DIFFRACTION,10.2210/pdb2aix/pdb,"https://www.rcsb.org/structure/""2AIX"
125,1WVJ,Exploring the GluR2 ligand-binding core in complex with the bicyclic AMPA analogue (S)-4-AHCP,1.75,2004-12-15,X-RAY DIFFRACTION,10.2210/pdb1wvj/pdb,"https://www.rcsb.org/structure/""1WVJ"
19,1XHY,X-ray structure of the Y702F mutant of the GluR2 ligand-binding core (S1S2J) in complex with kainate at 1.85 A resolution,1.85,2004-09-21,X-RAY DIFFRACTION,10.2210/pdb1xhy/pdb,"https://www.rcsb.org/structure/""1XHY"
155,1SYH,X-RAY STRUCTURE OF THE GLUR2 LIGAND-BINDING CORE (S1S2J) IN COMPLEX WITH (S)-CPW399 AT 1.85 A RESOLUTION.,1.8,2004-04-01,X-RAY DIFFRACTION,10.2210/pdb1syh/pdb,"https://www.rcsb.org/structure/""1SYH"
64,1SYI,X-RAY STRUCTURE OF THE Y702F MUTANT OF THE GLUR2 LIGAND-BINDING CORE (S1S2J) IN COMPLEX WITH (S)-CPW399 AT 2.1 A RESOLUTION.,2.1,2004-04-01,X-RAY DIFFRACTION,10.2210/pdb1syi/pdb,"https://www.rcsb.org/structure/""1SYI"
179,1P1U,Crystal structure of the GluR2 ligand-binding core (S1S2J) L650T mutant in complex with AMPA (ammonium sulfate crystal form),2.0,2003-04-14,X-RAY DIFFRACTION,10.2210/pdb1p1u/pdb,"https://www.rcsb.org/structure/""1P1U"
188,1P1W,Crystal structure of the GluR2 ligand-binding core (S1S2J) with the L483Y and L650T mutations and in complex with AMPA,1.8,2003-04-14,X-RAY DIFFRACTION,10.2210/pdb1p1w/pdb,"https://www.rcsb.org/structure/""1P1W"
158,1P1N,GluR2 Ligand Binding Core (S1S2J) Mutant L650T in Complex with Kainate,1.6,2003-04-13,X-RAY DIFFRACTION,10.2210/pdb1p1n/pdb,"https://www.rcsb.org/structure/""1P1N"
230,1P1Q,Crystal structure of the GluR2 ligand binding core (S1S2J) L650T mutant in complex with AMPA,2.0,2003-04-13,X-RAY DIFFRACTION,10.2210/pdb1p1q/pdb,"https://www.rcsb.org/structure/""1P1Q"
203,1P1O,Crystal structure of the GluR2 ligand-binding core (S1S2J) mutant L650T in complex with quisqualate,1.6,2003-04-13,X-RAY DIFFRACTION,10.2210/pdb1p1o/pdb,"https://www.rcsb.org/structure/""1P1O"
72,1P1E,Structural Insights into the Inter-domain Chaperoning of Tandem PDZ Domains in Glutamate Receptor Interacting Proteins,,2003-04-12,SOLUTION NMR,10.2210/pdb1p1e/pdb,"https://www.rcsb.org/structure/""1P1E"
6,1P1D,Structural Insights into the Inter-domain Chaperoning of Tandem PDZ Domains in Glutamate Receptor Interacting Proteins,,2003-04-12,SOLUTION NMR,10.2210/pdb1p1d/pdb,"https://www.rcsb.org/structure/""1P1D"
187,1NNK,X-ray structure of the GluR2 ligand-binding core (S1S2J) in complex with (S)-ATPA at 1.85 A resolution. Crystallization with zinc ions.,1.85,2003-01-14,X-RAY DIFFRACTION,10.2210/pdb1nnk/pdb,"https://www.rcsb.org/structure/""1NNK"
269,1NNP,X-ray structure of the GluR2 ligand-binding core (S1S2J) in complex with (S)-ATPA at 1.9 A resolution. Crystallization without zinc ions.,1.9,2003-01-14,X-RAY DIFFRACTION,10.2210/pdb1nnp/pdb,"https://www.rcsb.org/structure/""1NNP"
132,1N7E,Crystal structure of the sixth PDZ domain of GRIP1,1.5,2002-11-14,X-RAY DIFFRACTION,10.2210/pdb1n7e/pdb,"https://www.rcsb.org/structure/""1N7E"
1,1N7F,Crystal structure of the sixth PDZ domain of GRIP1 in complex with liprin C-terminal peptide,1.8,2002-11-14,X-RAY DIFFRACTION,10.2210/pdb1n7f/pdb,"https://www.rcsb.org/structure/""1N7F"
106,1N0T,X-ray structure of the GluR2 ligand-binding core (S1S2J) in complex with the antagonist (S)-ATPO at 2.1 A resolution.,2.1,2002-10-15,X-RAY DIFFRACTION,10.2210/pdb1n0t/pdb,"https://www.rcsb.org/structure/""1N0T"
39,1MXZ,crystal titration experiments (AMPA co-crystals soaked in 1 uM BrW),1.9,2002-10-03,X-RAY DIFFRACTION,10.2210/pdb1mxz/pdb,"https://www.rcsb.org/structure/""1MXZ"
23,1MY1,crystal titration experiments (AMPA co-crystals soaked in 10 nM BrW),1.9,2002-10-03,X-RAY DIFFRACTION,10.2210/pdb1my1/pdb,"https://www.rcsb.org/structure/""1MY1"
145,1MXU,CRYSTAL STRUCTURE OF THE GLUR2 LIGAND BINDING CORE (S1S2J) in complex with bromo-willardiine (Control for the crystal titration experiments),1.8,2002-10-03,X-RAY DIFFRACTION,10.2210/pdb1mxu/pdb,"https://www.rcsb.org/structure/""1MXU"
95,1MXV,crystal titration experiments (AMPA co-crystals soaked in 10 mM BrW),1.95,2002-10-03,X-RAY DIFFRACTION,10.2210/pdb1mxv/pdb,"https://www.rcsb.org/structure/""1MXV"
249,1MY2,crystal titration experiment (AMPA complex control),1.8,2002-10-03,X-RAY DIFFRACTION,10.2210/pdb1my2/pdb,"https://www.rcsb.org/structure/""1MY2"
56,1MXW,crystal titration experiments (AMPA co-crystals soaked in 1 mM BrW),1.9,2002-10-03,X-RAY DIFFRACTION,10.2210/pdb1mxw/pdb,"https://www.rcsb.org/structure/""1MXW"
80,1MXX,crystal titration experiments (AMPA co-crystals soaked in 100 uM BrW),2.0,2002-10-03,X-RAY DIFFRACTION,10.2210/pdb1mxx/pdb,"https://www.rcsb.org/structure/""1MXX"
49,1MXY,crystal titration experiments (AMPA co-crystals soaked in 10 uM BrW),1.95,2002-10-03,X-RAY DIFFRACTION,10.2210/pdb1mxy/pdb,"https://www.rcsb.org/structure/""1MXY"
242,1MY3,crystal structure of glutamate receptor ligand-binding core in complex with bromo-willardiine in the Zn crystal form,1.75,2002-10-03,X-RAY DIFFRACTION,10.2210/pdb1my3/pdb,"https://www.rcsb.org/structure/""1MY3"
208,1MY4,crystal structure of glutamate receptor ligand-binding core in complex with iodo-willardiine in the Zn crystal form,1.9,2002-10-03,X-RAY DIFFRACTION,10.2210/pdb1my4/pdb,"https://www.rcsb.org/structure/""1MY4"
196,1MY0,crystal titration experiments (AMPA co-crystals soaked in 100 nM BrW),1.9,2002-10-03,X-RAY DIFFRACTION,10.2210/pdb1my0/pdb,"https://www.rcsb.org/structure/""1MY0"
47,1MS7,"X-ray structure of the GluR2 ligand-binding core (S1S2J) in complex with (S)-Des-Me-AMPA at 1.97 A resolution, Crystallization in the presence of zinc acetate",1.97,2002-09-19,X-RAY DIFFRACTION,10.2210/pdb1ms7/pdb,"https://www.rcsb.org/structure/""1MS7"
135,1MQG,Crystal Structure of the GluR2 Ligand Binding Core (S1S2J) in Complex with Iodo-Willardiine at 2.15 Angstroms Resolution,2.15,2002-09-16,X-RAY DIFFRACTION,10.2210/pdb1mqg/pdb,"https://www.rcsb.org/structure/""1MQG"
53,1MQJ,Crystal structure of the GluR2 ligand binding core (S1S2J) in complex with willardiine at 1.65 angstroms resolution,1.65,2002-09-16,X-RAY DIFFRACTION,10.2210/pdb1mqj/pdb,"https://www.rcsb.org/structure/""1MQJ"
223,1MQI,Crystal Structure of the GluR2 Ligand Binding Core (S1S2J) in Complex with Fluoro-Willardiine at 1.35 Angstroms Resolution,1.35,2002-09-16,X-RAY DIFFRACTION,10.2210/pdb1mqi/pdb,"https://www.rcsb.org/structure/""1MQI"
8,1MQH,Crystal Structure of the GluR2 Ligand Binding Core (S1S2J) in Complex with Bromo-Willardiine at 1.8 Angstroms Resolution,1.8,2002-09-16,X-RAY DIFFRACTION,10.2210/pdb1mqh/pdb,"https://www.rcsb.org/structure/""1MQH"
184,1MQD,X-ray structure of the GluR2 ligand-binding core (S1S2J) in complex with (S)-Des-Me-AMPA at 1.46 A resolution. Crystallization in the presence of lithium sulfate.,1.46,2002-09-16,X-RAY DIFFRACTION,10.2210/pdb1mqd/pdb,"https://www.rcsb.org/structure/""1MQD"
217,1MM7,Crystal Structure of the GluR2 Ligand Binding Core (S1S2J) in Complex with Quisqualate in a Zinc Crystal Form at 1.65 Angstroms Resolution,1.65,2002-09-03,X-RAY DIFFRACTION,10.2210/pdb1mm7/pdb,"https://www.rcsb.org/structure/""1MM7"
181,1MM6,crystal structure of the GluR2 ligand binding core (S1S2J) in complex with quisqualate in a non zinc crystal form at 2.15 angstroms resolution,2.15,2002-09-03,X-RAY DIFFRACTION,10.2210/pdb1mm6/pdb,"https://www.rcsb.org/structure/""1MM6"
81,1M5Z,The PDZ7 of Glutamate Receptor Interacting Protein Binds to its Target via a Novel Hydrophobic Surface Area,,2002-07-11,SOLUTION NMR,10.2210/pdb1m5z/pdb,"https://www.rcsb.org/structure/""1M5Z"
140,1M5C,X-RAY STRUCTURE OF THE GLUR2 LIGAND BINDING CORE (S1S2J) IN COMPLEX WITH Br-HIBO AT 1.65 A RESOLUTION,1.65,2002-07-09,X-RAY DIFFRACTION,10.2210/pdb1m5c/pdb,"https://www.rcsb.org/structure/""1M5C"
238,1M5E,X-RAY STRUCTURE OF THE GLUR2 LIGAND BINDING CORE (S1S2J) IN COMPLEX WITH ACPA AT 1.46 A RESOLUTION,1.46,2002-07-09,X-RAY DIFFRACTION,10.2210/pdb1m5e/pdb,"https://www.rcsb.org/structure/""1M5E"
77,1M5F,X-RAY STRUCTURE OF THE GLUR2 LIGAND BINDING CORE (S1S2J-Y702F) IN COMPLEX WITH ACPA AT 1.95 A RESOLUTION,1.95,2002-07-09,X-RAY DIFFRACTION,10.2210/pdb1m5f/pdb,"https://www.rcsb.org/structure/""1M5F"
67,1M5B,X-RAY STRUCTURE OF THE GLUR2 LIGAND BINDING CORE (S1S2J) IN COMPLEX WITH 2-Me-Tet-AMPA AT 1.85 A RESOLUTION.,1.85,2002-07-09,X-RAY DIFFRACTION,10.2210/pdb1m5b/pdb,"https://www.rcsb.org/structure/""1M5B"
168,1M5D,X-RAY STRUCTURE OF THE GLUR2 LIGAND BINDING CORE (S1S2J-Y702F) IN COMPLEX WITH Br-HIBO AT 1.73 A RESOLUTION,1.73,2002-07-09,X-RAY DIFFRACTION,10.2210/pdb1m5d/pdb,"https://www.rcsb.org/structure/""1M5D"
176,1LBC,Crystal structure of GluR2 ligand binding core (S1S2J-N775S) in complex with cyclothiazide (CTZ) as well as glutamate at 1.8 A resolution,1.8,2002-04-02,X-RAY DIFFRACTION,10.2210/pdb1lbc/pdb,"https://www.rcsb.org/structure/""1LBC"
18,1LB9,Crystal structure of the Non-desensitizing GluR2 ligand binding core mutant (S1S2J-L483Y) in complex with antagonist DNQX at 2.3 A resolution,2.3,2002-04-02,X-RAY DIFFRACTION,10.2210/pdb1lb9/pdb,"https://www.rcsb.org/structure/""1LB9"
128,1LBB,Crystal structure of the GluR2 ligand binding domain mutant (S1S2J-N754D) in complex with kainate at 2.1 A resolution,2.1,2002-04-02,X-RAY DIFFRACTION,10.2210/pdb1lbb/pdb,"https://www.rcsb.org/structure/""1LBB"
98,1LB8,Crystal structure of the Non-desensitizing GluR2 ligand binding core mutant (S1S2J-L483Y) in complex with AMPA at 2.3 resolution,2.3,2002-04-02,X-RAY DIFFRACTION,10.2210/pdb1lb8/pdb,"https://www.rcsb.org/structure/""1LB8"
51,1FW0,CRYSTAL STRUCTURE OF THE GLUR2 LIGAND BINDING CORE (S1S2J) IN COMPLEX WITH KAINATE AT 2.0 A RESOLUTION,1.9,2000-09-20,X-RAY DIFFRACTION,10.2210/pdb1fw0/pdb,"https://www.rcsb.org/structure/""1FW0"
272,1FTM,CRYSTAL STRUCTURE OF THE GLUR2 LIGAND BINDING CORE (S1S2J) IN COMPLEX WITH AMPA AT 1.7 RESOLUTION,1.7,2000-09-12,X-RAY DIFFRACTION,10.2210/pdb1ftm/pdb,"https://www.rcsb.org/structure/""1FTM"
32,1FTL,CRYSTAL STRUCTURE OF THE GLUR2 LIGAND BINDING CORE (S1S2J) IN COMPLEX WITH THE ANTAGONIST DNQX AT 1.8 A RESOLUTION,1.8,2000-09-12,X-RAY DIFFRACTION,10.2210/pdb1ftl/pdb,"https://www.rcsb.org/structure/""1FTL"
201,1FTJ,CRYSTAL STRUCTURE OF THE GLUR2 LIGAND BINDING CORE (S1S2J) IN COMPLEX WITH GLUTAMATE AT 1.9 RESOLUTION,1.9,2000-09-12,X-RAY DIFFRACTION,10.2210/pdb1ftj/pdb,"https://www.rcsb.org/structure/""1FTJ"
65,1FTO,CRYSTAL STRUCTURE OF THE GLUR2 LIGAND BINDING CORE (S1S2J) IN THE APO STATE AT 2.0 A RESOLUTION,2.0,2000-09-12,X-RAY DIFFRACTION,10.2210/pdb1fto/pdb,"https://www.rcsb.org/structure/""1FTO"
143,1FTK,CRYSTAL STRUCTURE OF THE GLUR2 LIGAND BINDING CORE (S1S2I) IN COMPLEX WITH KAINATE AT 1.6 A RESOLUTION,1.6,2000-09-12,X-RAY DIFFRACTION,10.2210/pdb1ftk/pdb,"https://www.rcsb.org/structure/""1FTK"
259,1GR2,STRUCTURE OF A GLUTAMATE RECEPTOR LIGAND BINDING CORE (GLUR2) COMPLEXED WITH KAINATE,1.9,1998-09-17,X-RAY DIFFRACTION,10.2210/pdb1gr2/pdb,"https://www.rcsb.org/structure/""1GR2"
